Country,level_3,RCA_Specialty
Afghanistan,Engineering,1.2738841870952273
Afghanistan,Medical Sciences,4.961433924375279
Afghanistan,Natural Sciences,2.178151452847778
Afghanistan,Social Sciences,9.020552760061516
Albania,Engineering,1.5533499041108714
Albania,Medical Sciences,2.529358380342719
Albania,Natural Sciences,1.4649808421383226
Albania,Social Sciences,2.8968289684151665
Algeria,Arts and Humanities,0.09042258839450859
Algeria,Engineering,2.6418076378765316
Algeria,Medical Sciences,0.32896245226378107
Algeria,Natural Sciences,1.294386710371196
Algeria,Social Sciences,0.3008609827646727
Andorra,Arts and Humanities,24.778818184158364
Andorra,Medical Sciences,13.789857576553183
Andorra,Natural Sciences,12.298765207666946
Andorra,Social Sciences,90.26893140150982
Angola,Engineering,1.211210059594501
Angola,Medical Sciences,4.943537686888691
Angola,Natural Sciences,2.946298146967143
Angola,Social Sciences,4.070369157323879
Antigua & Barbuda,Medical Sciences,9.295152445204737
Antigua & Barbuda,Social Sciences,56.98453409898177
Argentina,Arts and Humanities,1.2089276166833651
Argentina,Engineering,0.501370898315322
Argentina,Medical Sciences,0.8829865519518079
Argentina,Natural Sciences,1.6888094545313281
Argentina,Social Sciences,0.7938706673100518
Armenia,Arts and Humanities,1.1469876194950843
Armenia,Engineering,0.5092055360712003
Armenia,Medical Sciences,0.531803592698487
Armenia,Natural Sciences,2.152593984466098
Armenia,Social Sciences,1.1423718972107437
Australia,Arts and Humanities,1.0304452774055761
Australia,Engineering,0.76010765704473
Australia,Medical Sciences,1.2421682151980387
Australia,Natural Sciences,0.8622450123400134
Australia,Social Sciences,1.705299763220918
Austria,Arts and Humanities,1.0130726919787134
Austria,Engineering,0.7416268504254736
Austria,Medical Sciences,1.166577782321432
Austria,Natural Sciences,1.0501784541062025
Austria,Social Sciences,1.003496348287267
Azerbaijan,Arts and Humanities,1.7303004941299682
Azerbaijan,Engineering,1.1181455017574464
Azerbaijan,Medical Sciences,0.3564641824022154
Azerbaijan,Natural Sciences,2.591719028761099
Azerbaijan,Social Sciences,1.4460214102002535
Bahamas,Arts and Humanities,7.020335342617613
Bahamas,Engineering,0.4179539083146573
Bahamas,Medical Sciences,4.044544938701628
Bahamas,Natural Sciences,8.740827732931905
Bahamas,Social Sciences,6.2773560744777335
Bahrain,Arts and Humanities,3.082582902342561
Bahrain,Engineering,2.6306268753004862
Bahrain,Medical Sciences,2.9249093408932154
Bahrain,Natural Sciences,1.1281902874792484
Bahrain,Social Sciences,4.22979054266123
Bangladesh,Arts and Humanities,0.25460391099389135
Bangladesh,Engineering,1.1357036532459805
Bangladesh,Medical Sciences,1.1437702130738603
Bangladesh,Natural Sciences,1.1302658634277112
Bangladesh,Social Sciences,0.8419647127923933
Barbados,Arts and Humanities,4.904617842102716
Barbados,Medical Sciences,4.118054659600735
Barbados,Natural Sciences,2.839765094236813
Barbados,Social Sciences,4.747835643764944
Belgium,Arts and Humanities,1.4789038627559452
Belgium,Engineering,0.6692910227454073
Belgium,Medical Sciences,1.2889352335471063
Belgium,Natural Sciences,0.9476178733211478
Belgium,Social Sciences,1.349193287626675
Belize,Medical Sciences,5.325533440531795
Belize,Natural Sciences,11.29736844576396
Belize,Social Sciences,8.78680695145306
Benin,Arts and Humanities,1.9356956845238096
Benin,Engineering,0.5486892521005534
Benin,Medical Sciences,2.465920286033274
Benin,Natural Sciences,2.4622202137511118
Benin,Social Sciences,2.073487897706057
Bermuda,Engineering,1.585563365047829
Bermuda,Medical Sciences,4.56012706655139
Bermuda,Natural Sciences,18.04806939491482
Bermuda,Social Sciences,6.283338810151836
Bhutan,Engineering,1.3284144668334945
Bhutan,Medical Sciences,5.092636473160775
Bhutan,Natural Sciences,3.1704114909514973
Bhutan,Social Sciences,6.904949510608665
Bolivia,Arts and Humanities,2.784665723549128
Bolivia,Engineering,0.575629671980897
Bolivia,Medical Sciences,1.8040424170229181
Bolivia,Natural Sciences,2.944923278618027
Bolivia,Social Sciences,2.938721980110925
Bosnia & Herzegovina,Arts and Humanities,1.6430574841947643
Bosnia & Herzegovina,Engineering,1.341652684165285
Bosnia & Herzegovina,Medical Sciences,1.4277662849782133
Bosnia & Herzegovina,Natural Sciences,0.9583401624485166
Bosnia & Herzegovina,Social Sciences,1.5038900832108055
Botswana,Arts and Humanities,2.2901353514879528
Botswana,Engineering,0.7910913400399558
Botswana,Medical Sciences,1.7741326615087194
Botswana,Natural Sciences,1.4267017994075688
Botswana,Social Sciences,3.159215327450805
Brazil,Arts and Humanities,0.36885177901058097
Brazil,Engineering,0.5817904710952806
Brazil,Medical Sciences,1.166388607042465
Brazil,Natural Sciences,1.3040256798880172
Brazil,Social Sciences,0.4690109114708173
Brunei,Arts and Humanities,4.27082532859726
Brunei,Engineering,1.576054620652246
Brunei,Medical Sciences,1.1357544616935955
Brunei,Natural Sciences,2.409710139277569
Brunei,Social Sciences,3.666095061197448
Bulgaria,Arts and Humanities,0.35736203486834717
Bulgaria,Engineering,0.5836379340514021
Bulgaria,Medical Sciences,0.6108233621544416
Bulgaria,Natural Sciences,2.3582391660559545
Bulgaria,Social Sciences,0.4635498855819831
Burkina Faso,Engineering,0.3357977046561683
Burkina Faso,Medical Sciences,3.4075711492733696
Burkina Faso,Natural Sciences,1.5443370273312054
Burkina Faso,Social Sciences,4.130337128796479
Burma,Arts and Humanities,2.602262489617189
Burma,Engineering,0.3134228802502026
Burma,Medical Sciences,3.4475631000617333
Burma,Natural Sciences,1.9210151450154023
Burma,Social Sciences,3.654534887261326
Burundi,Engineering,2.157628058280176
Burundi,Medical Sciences,6.486843038071877
Burundi,Natural Sciences,2.908970700313823
Burundi,Social Sciences,7.565600655239526
Byelarus,Arts and Humanities,0.5444602143935742
Byelarus,Engineering,0.917216251721159
Byelarus,Medical Sciences,0.37002550975310095
Byelarus,Natural Sciences,2.276400712902363
Byelarus,Social Sciences,0.4665454894662075
Cambodia,Arts and Humanities,1.776074678533535
Cambodia,Engineering,0.7258335434506624
Cambodia,Medical Sciences,4.030808175406825
Cambodia,Natural Sciences,1.5565926273760333
Cambodia,Social Sciences,3.1280288054228818
Cameroon,Arts and Humanities,0.6214341984897589
Cameroon,Engineering,0.592476724337695
Cameroon,Medical Sciences,1.6830059100193788
Cameroon,Natural Sciences,1.2907894472872774
Cameroon,Social Sciences,1.117709134734044
Canada,Arts and Humanities,1.1435263530016493
Canada,Engineering,0.8773932910081985
Canada,Medical Sciences,1.2234461477861749
Canada,Natural Sciences,0.9055648697736226
Canada,Social Sciences,1.4101849387516507
Cape Verde,Engineering,2.773903771824604
Cape Verde,Medical Sciences,3.926985345568773
Cape Verde,Natural Sciences,9.172727130924516
Cape Verde,Social Sciences,11.825582475975422
Central African Republic,Engineering,2.404653384961279
Central African Republic,Medical Sciences,17.292465051061768
Central African Republic,Natural Sciences,5.190267401883932
Chad,Engineering,0.7158388901307461
Chad,Medical Sciences,18.74192147351274
Chad,Natural Sciences,2.9573179527396865
Chad,Social Sciences,7.691725267770388
Chile,Arts and Humanities,2.63535726200643
Chile,Engineering,0.7222642910142388
Chile,Medical Sciences,0.8806746135352423
Chile,Natural Sciences,1.3560296789458768
Chile,Social Sciences,1.2456427253535949
China,Arts and Humanities,0.14131963819184606
China,Engineering,1.5350900908500278
China,Medical Sciences,0.6360700459711832
China,Natural Sciences,1.0194024465718785
China,Social Sciences,0.28147958516072535
Colombia,Arts and Humanities,1.0781518942134194
Colombia,Engineering,0.7407847318875588
Colombia,Medical Sciences,1.0479680209532451
Colombia,Natural Sciences,1.4044321520407326
Colombia,Social Sciences,1.132054972681948
Comoros,Medical Sciences,21.19739145825229
Comoros,Natural Sciences,14.899697821384931
Comoros,Social Sciences,46.11064405642978
Congo,Engineering,0.7105216441349175
Congo,Medical Sciences,11.226200497473783
Congo,Natural Sciences,3.6250239642753592
Cook Islands,Medical Sciences,308.4212592117911
Cook Islands,Natural Sciences,47.21600551992967
Costa Rica,Arts and Humanities,0.6092654256889962
Costa Rica,Engineering,0.5238463352364889
Costa Rica,Medical Sciences,1.3125125574518803
Costa Rica,Natural Sciences,2.3225923987419086
Costa Rica,Social Sciences,1.5164651570707535
Crimea,Natural Sciences,84.60964247258663
Croatia,Arts and Humanities,1.8669118993559481
Croatia,Engineering,1.1659236530932349
Croatia,Medical Sciences,1.0109637153736706
Croatia,Natural Sciences,1.1048688893528122
Croatia,Social Sciences,1.09870115989605
Cuba,Arts and Humanities,1.0625942615068886
Cuba,Engineering,1.1191682225717399
Cuba,Medical Sciences,1.2602527508545185
Cuba,Natural Sciences,1.5264270101114767
Cuba,Social Sciences,1.5254279228342618
Cyprus,Arts and Humanities,1.2610719223478875
Cyprus,Engineering,0.9736885383058402
Cyprus,Medical Sciences,1.0293543346967207
Cyprus,Natural Sciences,0.97252301128006
Cyprus,Social Sciences,2.060540910891415
Czech Republic,Arts and Humanities,1.2793262411491637
Czech Republic,Engineering,0.8528652179897119
Czech Republic,Medical Sciences,0.7703357883323385
Czech Republic,Natural Sciences,1.4105256862644524
Czech Republic,Social Sciences,0.6786768257321018
Democratic Republic of the Congo,Arts and Humanities,3.251562304711911
Democratic Republic of the Congo,Engineering,0.3005783094737067
Democratic Republic of the Congo,Medical Sciences,3.2201006000612837
Democratic Republic of the Congo,Natural Sciences,1.4780290179148792
Democratic Republic of the Congo,Social Sciences,2.764757128423604
Denmark,Arts and Humanities,0.7867481460623046
Denmark,Engineering,0.5478786446741065
Denmark,Medical Sciences,1.3801500019199704
Denmark,Natural Sciences,0.8575919818974976
Denmark,Social Sciences,1.0859444181363214
Djibouti,Engineering,3.2264673353356486
Djibouti,Medical Sciences,6.00629713481887
Djibouti,Natural Sciences,11.140673969414706
Dominica ,Medical Sciences,25.364604700340866
Dominica ,Natural Sciences,9.70023014657218
Dominica ,Social Sciences,14.35375296742324
Dominican Republic,Arts and Humanities,10.702766635811992
Dominican Republic,Engineering,0.6202235949304218
Dominican Republic,Medical Sciences,3.5905832034181833
Dominican Republic,Natural Sciences,2.40180266262524
Dominican Republic,Social Sciences,4.614044063669304
Ecuador,Arts and Humanities,1.0300233977091786
Ecuador,Engineering,0.6713579266107342
Ecuador,Medical Sciences,0.9598555420148329
Ecuador,Natural Sciences,1.759541722296956
Ecuador,Social Sciences,1.1832973243599763
Egypt,Arts and Humanities,0.1499082267387834
Egypt,Engineering,1.1892901888598644
Egypt,Medical Sciences,1.1293887521378771
Egypt,Natural Sciences,1.0824138222544404
Egypt,Social Sciences,0.1947287264534923
El Salvador,Engineering,2.4503266478249626
El Salvador,Medical Sciences,6.872693401638195
El Salvador,Natural Sciences,3.7361328270779226
El Salvador,Social Sciences,10.786404584495694
Equatorial Guinea,Medical Sciences,65.48677806985467
Equatorial Guinea,Natural Sciences,36.194124835495394
Eritrea,Arts and Humanities,26.931418219461698
Eritrea,Medical Sciences,12.012775937653872
Eritrea,Natural Sciences,6.312072107040038
Eritrea,Social Sciences,8.515473607618592
Estonia,Arts and Humanities,2.6924494154891985
Estonia,Engineering,0.5305487792461254
Estonia,Medical Sciences,0.8383747990189604
Estonia,Natural Sciences,1.374331627095536
Estonia,Social Sciences,1.572490398035622
Ethiopia,Arts and Humanities,0.3000002088863559
Ethiopia,Engineering,0.4504150095523702
Ethiopia,Medical Sciences,1.9190377586991714
Ethiopia,Natural Sciences,0.9894323203079036
Ethiopia,Social Sciences,1.20675352533998
Federated States of Micronesia ,Arts and Humanities,10.25330407620346
Federated States of Micronesia ,Medical Sciences,7.5142639863500404
Federated States of Micronesia ,Natural Sciences,18.989701787077333
Federated States of Micronesia ,Social Sciences,14.310199879581658
Fiji,Arts and Humanities,3.945754291439904
Fiji,Engineering,1.2380557057854602
Fiji,Medical Sciences,2.5642042835794365
Fiji,Natural Sciences,1.8428344055668036
Fiji,Social Sciences,5.453507677452357
Finland,Arts and Humanities,1.0883359348564452
Finland,Engineering,0.7798130850422093
Finland,Medical Sciences,1.0938262108150765
Finland,Natural Sciences,0.988304900202587
Finland,Social Sciences,1.4134369667785027
France,Arts and Humanities,1.0464194945133831
France,Engineering,0.8792619868016476
France,Medical Sciences,0.9973205788615083
France,Natural Sciences,1.2486101733356592
France,Social Sciences,0.5678167127674062
French-Guiana,Engineering,0.9075205300029956
French-Guiana,Medical Sciences,6.097429232201359
French-Guiana,Natural Sciences,4.271768169865851
French-Guiana,Social Sciences,4.6696092782617455
French-Polynesia,Medical Sciences,4.785086252220278
French-Polynesia,Natural Sciences,8.300142383286271
Gabon,Engineering,1.4281806894630664
Gabon,Medical Sciences,4.9148963203245035
Gabon,Natural Sciences,2.6761042334171377
Gabon,Social Sciences,8.14656130509224
Gambia,Arts and Humanities,2.131173229008918
Gambia,Medical Sciences,4.950936581447566
Gambia,Natural Sciences,1.984145596679446
Gambia,Social Sciences,2.287965637959072
Georgia,Arts and Humanities,0.760341103838079
Georgia,Engineering,0.39559811050061744
Georgia,Medical Sciences,0.6833645080982284
Georgia,Natural Sciences,2.2292561449432204
Georgia,Social Sciences,1.8396308517919462
Germany,Arts and Humanities,1.0039911692853853
Germany,Engineering,0.7114979106554602
Germany,Medical Sciences,1.0305698779103694
Germany,Natural Sciences,1.0846469838740433
Germany,Social Sciences,1.1292655296113632
Ghana ,Arts and Humanities,0.998261494844932
Ghana ,Engineering,0.4261002508726114
Ghana ,Medical Sciences,2.017900150416216
Ghana ,Natural Sciences,0.7747098661314428
Ghana ,Social Sciences,2.3545650060509136
Greece,Arts and Humanities,0.6550299529811033
Greece,Engineering,1.0378142422897059
Greece,Medical Sciences,1.1308743451452705
Greece,Natural Sciences,0.9551367608017028
Greece,Social Sciences,0.8328141005318305
Grenada,Medical Sciences,11.351585684617437
Grenada,Natural Sciences,1.413230391126177
Grenada,Social Sciences,3.551091295216068
Guadeloupe,Arts and Humanities,5.471835854001132
Guadeloupe,Engineering,0.4226273257089802
Guadeloupe,Medical Sciences,3.0350533274643654
Guadeloupe,Natural Sciences,2.0119428977056386
Guadeloupe,Social Sciences,2.8764734274989276
Guatemala,Arts and Humanities,3.183101910027645
Guatemala,Engineering,0.4260203108962246
Guatemala,Medical Sciences,4.499794814728168
Guatemala,Natural Sciences,2.198585410995586
Guatemala,Social Sciences,5.063790174765393
Guinea,Engineering,0.4861501418236891
Guinea,Medical Sciences,4.911046457117302
Guinea,Natural Sciences,2.106091340294549
Guinea,Social Sciences,0.932647109405846
Guinea-Bissau,Medical Sciences,9.207950435456842
Guinea-Bissau,Natural Sciences,11.48162652351049
Guyana,Arts and Humanities,12.346106981844766
Guyana,Medical Sciences,4.56909162187826
Guyana,Natural Sciences,14.338291564905226
Guyana,Social Sciences,22.098193465055758
Haiti,Arts and Humanities,7.074901143646733
Haiti,Medical Sciences,7.846434218859714
Haiti,Natural Sciences,0.729894606451242
Haiti,Social Sciences,3.5876791267601496
Honduras ,Arts and Humanities,4.115368993948255
Honduras ,Engineering,0.738144248110465
Honduras ,Medical Sciences,5.256153944309972
Honduras ,Natural Sciences,2.1487948200709477
Honduras ,Social Sciences,6.2016497214276685
Hungary,Arts and Humanities,0.5953542802764022
Hungary,Engineering,1.1919630421363532
Hungary,Medical Sciences,0.9761118866977433
Hungary,Natural Sciences,1.2868970861505924
Hungary,Social Sciences,0.8382632990460854
Iceland,Arts and Humanities,1.8748613376203862
Iceland,Engineering,0.6162505930382624
Iceland,Medical Sciences,1.3380981328793111
Iceland,Natural Sciences,1.3905924848629092
Iceland,Social Sciences,1.5942822777535204
India,Arts and Humanities,0.16279640378854154
India,Engineering,1.5325586926109993
India,Medical Sciences,0.5845935108640881
India,Natural Sciences,1.1651706957394297
India,Social Sciences,0.23210766434942198
Indonesia,Arts and Humanities,0.6340143503318902
Indonesia,Engineering,0.9468659737263349
Indonesia,Medical Sciences,0.8590295968464029
Indonesia,Natural Sciences,1.3473599977837176
Indonesia,Social Sciences,1.8713693311634765
Iran,Arts and Humanities,0.13693228281567071
Iran,Engineering,2.032493552761632
Iran,Medical Sciences,0.5865722406520246
Iran,Natural Sciences,1.1300499542891567
Iran,Social Sciences,0.23103791819106748
Iraq,Arts and Humanities,0.3187504965380418
Iraq,Engineering,2.971374670629594
Iraq,Medical Sciences,0.5161100652449555
Iraq,Natural Sciences,1.038421260429967
Iraq,Social Sciences,0.4089115178771703
Ireland,Arts and Humanities,1.526603487153694
Ireland,Engineering,0.5211724024959614
Ireland,Medical Sciences,1.256655253362691
Ireland,Natural Sciences,0.8604356460550043
Ireland,Social Sciences,1.2610959576337615
Israel,Arts and Humanities,1.6970873118410883
Israel,Engineering,0.6736334870125273
Israel,Medical Sciences,1.1433542135305597
Israel,Natural Sciences,0.9371238028381295
Israel,Social Sciences,1.8850817799293316
Italy,Arts and Humanities,1.05915216736081
Italy,Engineering,0.9131421948531183
Italy,Medical Sciences,1.1185073726608992
Italy,Natural Sciences,0.9155580408654299
Italy,Social Sciences,0.7155051741791486
Ivory Coast,Arts and Humanities,1.6474582508068811
Ivory Coast,Engineering,0.6462962178398756
Ivory Coast,Medical Sciences,3.4801087149159136
Ivory Coast,Natural Sciences,1.4971174730570036
Ivory Coast,Social Sciences,3.4065555222869697
Jamaica,Arts and Humanities,6.2795074779318
Jamaica,Engineering,0.3868283869306152
Jamaica,Medical Sciences,2.909302210065754
Jamaica,Natural Sciences,0.9178298334402685
Jamaica,Social Sciences,5.070278856286949
Japan,Arts and Humanities,0.16302548097352704
Japan,Engineering,0.7961084785547273
Japan,Medical Sciences,1.1103850199732233
Japan,Natural Sciences,1.0293733104403093
Japan,Social Sciences,0.23935441195097834
Jordan,Arts and Humanities,0.6417164701491733
Jordan,Engineering,1.3986543315486049
Jordan,Medical Sciences,1.230094055169555
Jordan,Natural Sciences,0.8370362825424278
Jordan,Social Sciences,1.129644387203353
Kazakhstan,Arts and Humanities,0.847792596910326
Kazakhstan,Engineering,1.316722933956331
Kazakhstan,Medical Sciences,0.6805213879472807
Kazakhstan,Natural Sciences,1.4545621848804593
Kazakhstan,Social Sciences,1.3235673420025618
Kenya,Arts and Humanities,0.6431612738280479
Kenya,Engineering,0.2662114895941604
Kenya,Medical Sciences,1.9363653370742524
Kenya,Natural Sciences,1.146358941793144
Kenya,Social Sciences,1.594442223342932
Kiribati,Engineering,13.7640613717121
Kiribati,Medical Sciences,26.198608990339945
Kiribati,Social Sciences,75.97937879864236
Kuwait,Arts and Humanities,0.888481425666442
Kuwait,Engineering,1.365071830554645
Kuwait,Medical Sciences,1.2896324727064878
Kuwait,Natural Sciences,0.8274332089615984
Kuwait,Social Sciences,1.0981231879033109
Kyrgyzstan,Arts and Humanities,1.9823054547326693
Kyrgyzstan,Engineering,0.8751756977727745
Kyrgyzstan,Medical Sciences,2.7428187664106556
Kyrgyzstan,Natural Sciences,2.484003256453691
Kyrgyzstan,Social Sciences,9.248514048962281
Laos,Engineering,0.32079872141989124
Laos,Medical Sciences,6.352534837315706
Laos,Natural Sciences,2.79139741147098
Laos,Social Sciences,3.8068987818417512
Latvia,Arts and Humanities,1.3374578833034911
Latvia,Engineering,0.9118627606641443
Latvia,Medical Sciences,0.847987221625113
Latvia,Natural Sciences,1.7266696224502713
Latvia,Social Sciences,1.464718184474609
Lebanon ,Arts and Humanities,0.5977683582974576
Lebanon ,Engineering,0.9248603252638342
Lebanon ,Medical Sciences,1.4699537674649574
Lebanon ,Natural Sciences,0.6222771328969096
Lebanon ,Social Sciences,0.9254645922435064
Lesotho,Arts and Humanities,28.76920922713074
Lesotho,Medical Sciences,10.269919195399218
Lesotho,Natural Sciences,3.8159955899399756
Lesotho,Social Sciences,7.3092720184628375
Liberia ,Engineering,0.8364915313833163
Liberia ,Medical Sciences,13.903419607262887
Liberia ,Natural Sciences,8.933543804765794
Liberia ,Social Sciences,17.221059729700496
Libya,Arts and Humanities,2.704902266583489
Libya,Engineering,1.692413132287429
Libya,Medical Sciences,1.518267830086913
Libya,Natural Sciences,1.5732958768615233
Libya,Social Sciences,2.8684250417015957
Liechtenstein,Arts and Humanities,6.930515406021289
Liechtenstein,Engineering,2.5865623849133783
Liechtenstein,Medical Sciences,3.1772534054654873
Liechtenstein,Natural Sciences,2.7212806779897987
Liechtenstein,Social Sciences,7.675477589499312
Lithuania,Arts and Humanities,4.023601076614036
Lithuania,Engineering,1.6470358727967358
Lithuania,Medical Sciences,0.7564881055106442
Lithuania,Natural Sciences,1.1564136478182867
Lithuania,Social Sciences,0.8919325514683784
Luxembourg,Arts and Humanities,0.9064553337306689
Luxembourg,Engineering,0.9926211008577025
Luxembourg,Medical Sciences,1.1395496379781627
Luxembourg,Natural Sciences,1.0875129664868757
Luxembourg,Social Sciences,2.138547997791375
Macedonia,Arts and Humanities,3.16614125653574
Macedonia,Engineering,1.2788245987742146
Macedonia,Medical Sciences,1.5158901027978313
Macedonia,Natural Sciences,1.4698578235663848
Macedonia,Social Sciences,2.1553608265630886
Madagascar,Engineering,0.4572396468207946
Madagascar,Medical Sciences,2.781945111460205
Madagascar,Natural Sciences,4.53148169537165
Madagascar,Social Sciences,2.4229027800018357
Malawi,Arts and Humanities,0.5126652038101731
Malawi,Engineering,0.20463333875074968
Malawi,Medical Sciences,3.257318295389251
Malawi,Natural Sciences,0.682834596959089
Malawi,Social Sciences,1.7154929861574977
Malaysia,Arts and Humanities,0.4152945213275642
Malaysia,Engineering,1.6525623788543773
Malaysia,Medical Sciences,0.6932297620360862
Malaysia,Natural Sciences,0.8902410194298933
Malaysia,Social Sciences,0.7641400104818693
Maldives,Medical Sciences,5.541089863658247
Maldives,Natural Sciences,12.934136897350996
Mali,Arts and Humanities,2.638246628131021
Mali,Engineering,0.42000987789322686
Mali,Medical Sciences,4.700699988605353
Mali,Natural Sciences,1.873788511928406
Mali,Social Sciences,2.314473949463883
Malta,Arts and Humanities,2.979151600863586
Malta,Engineering,1.4876742223671504
Malta,Medical Sciences,2.295965505196925
Malta,Natural Sciences,1.2694533018134149
Malta,Social Sciences,1.9745931001515777
Marshall Islands,Medical Sciences,28.204964764780083
Marshall Islands,Natural Sciences,25.08440665819733
Mauritania,Medical Sciences,10.743619990193292
Mauritania,Natural Sciences,4.185453160492253
Mauritania,Social Sciences,3.1589660157294777
Mauritius,Arts and Humanities,2.8670018495291787
Mauritius,Engineering,1.3300364144285617
Mauritius,Medical Sciences,1.542818207317415
Mauritius,Natural Sciences,2.957144677605754
Mauritius,Social Sciences,3.756563995911638
Mexico,Arts and Humanities,0.4410645605747576
Mexico,Engineering,0.8482324463679648
Mexico,Medical Sciences,0.7891557879876739
Mexico,Natural Sciences,1.525494988038105
Mexico,Social Sciences,0.7209446328936133
Moldova ,Engineering,0.8374143205550105
Moldova ,Medical Sciences,1.3330978863713174
Moldova ,Natural Sciences,2.8414075985071205
Moldova ,Social Sciences,2.9366901049774765
Monaco,Arts and Humanities,1.9562224882230288
Monaco,Engineering,0.4608256471829576
Monaco,Medical Sciences,3.413851322119556
Monaco,Natural Sciences,2.941673739781144
Monaco,Social Sciences,3.159940780421155
Mongolia,Engineering,0.9242410347179907
Mongolia,Medical Sciences,1.5600201327171341
Mongolia,Natural Sciences,2.01312357399823
Mongolia,Social Sciences,1.8447871864092078
Montenegro,Arts and Humanities,5.918443174860522
Montenegro,Engineering,1.8771553065369089
Montenegro,Medical Sciences,1.1835819168753177
Montenegro,Natural Sciences,1.6541267669102324
Montenegro,Social Sciences,2.796633293799437
Morocco,Arts and Humanities,0.3693666614592807
Morocco,Engineering,1.2935576042878776
Morocco,Medical Sciences,0.6809044895204786
Morocco,Natural Sciences,1.6570339243597485
Morocco,Social Sciences,0.5357563421346563
Mozambique,Arts and Humanities,1.6172330828940438
Mozambique,Engineering,0.2739921645548703
Mozambique,Medical Sciences,3.757746144909647
Mozambique,Natural Sciences,1.4598124423367518
Mozambique,Social Sciences,2.08847142307535
Namibia,Engineering,0.8671544749510414
Namibia,Medical Sciences,1.753021920126612
Namibia,Natural Sciences,2.809546912070076
Namibia,Social Sciences,3.598714595836174
Nauru,Social Sciences,455.87627279185415
Nepal,Arts and Humanities,0.6590098223699401
Nepal,Engineering,0.6054340108493078
Nepal,Medical Sciences,1.8836178940400254
Nepal,Natural Sciences,1.111204791767127
Nepal,Social Sciences,1.6803142902744523
Netherlands,Arts and Humanities,0.8817017304616922
Netherlands,Engineering,0.5760247380585102
Netherlands,Medical Sciences,1.4186505718511704
Netherlands,Natural Sciences,0.7417256611097753
Netherlands,Social Sciences,1.7498237730265087
Netherlands-Antilles,Medical Sciences,11.572292883806856
Netherlands-Antilles,Natural Sciences,9.719500905884342
Netherlands-Antilles,Social Sciences,52.24613276161528
New Zealand,Arts and Humanities,1.4457836609339643
New Zealand,Engineering,0.6416910446354697
New Zealand,Medical Sciences,1.2251325530885644
New Zealand,Natural Sciences,1.208114000020804
New Zealand,Social Sciences,1.7135028251532318
New-Caledonia,Arts and Humanities,2.138034824591223
New-Caledonia,Engineering,0.3582581753351979
New-Caledonia,Medical Sciences,2.397254461608284
New-Caledonia,Natural Sciences,5.662856755990847
New-Caledonia,Social Sciences,2.197384570722036
Nicaragua,Engineering,0.7225216289885942
Nicaragua,Medical Sciences,4.588223754364613
Nicaragua,Natural Sciences,3.1902511222188523
Nicaragua,Social Sciences,5.908832515727582
Niger,Engineering,0.5287330392674405
Niger,Medical Sciences,3.6292069069338013
Niger,Natural Sciences,3.5428322156917815
Niger,Social Sciences,4.309393726664448
Nigeria,Arts and Humanities,0.8821669830130544
Nigeria,Engineering,0.9486111649791987
Nigeria,Medical Sciences,1.2055254783805813
Nigeria,Natural Sciences,0.8594648136374133
Nigeria,Social Sciences,1.159179469702682
Niue,Natural Sciences,171.49167112061286
North Korea,Engineering,3.906056028029461
North Korea,Medical Sciences,1.7296838290221224
North Korea,Natural Sciences,2.54290628941096
Norway,Arts and Humanities,1.1046186785479677
Norway,Engineering,0.6595881491786386
Norway,Medical Sciences,1.1387875021017186
Norway,Natural Sciences,1.029240379775092
Norway,Social Sciences,1.752886433159498
Oman,Arts and Humanities,1.2250127614635875
Oman,Engineering,1.6333116529347884
Oman,Medical Sciences,1.020462710192483
Oman,Natural Sciences,1.1312908920754343
Oman,Social Sciences,1.3650703086978238
Pakistan,Arts and Humanities,0.1571991949426714
Pakistan,Engineering,1.284090511686108
Pakistan,Medical Sciences,0.580535050116893
Pakistan,Natural Sciences,1.133645097801005
Pakistan,Social Sciences,0.384059080863245
Palau,Engineering,2.613753679305738
Palau,Medical Sciences,4.855056071556002
Palau,Natural Sciences,16.907999298602654
Palau,Social Sciences,41.38583328854732
Palestine,Arts and Humanities,1.5565231048888293
Palestine,Engineering,0.9603646890603803
Palestine,Medical Sciences,1.4637831339961034
Palestine,Natural Sciences,1.6897212613865995
Palestine,Social Sciences,1.5412995376856544
Panama,Engineering,0.5513393073933741
Panama,Medical Sciences,1.5245093420669147
Panama,Natural Sciences,4.172400345806025
Panama,Social Sciences,1.9431296804389617
Papua New Guinea,Arts and Humanities,2.139178548272665
Papua New Guinea,Engineering,0.39986366732201195
Papua New Guinea,Medical Sciences,6.102608889869847
Papua New Guinea,Natural Sciences,3.269469850320163
Papua New Guinea,Social Sciences,4.173536567188541
Paraguay,Engineering,0.7550117377949587
Paraguay,Medical Sciences,4.2864806514318765
Paraguay,Natural Sciences,3.213580894376305
Paraguay,Social Sciences,2.6959566577961596
Peru,Arts and Humanities,1.0827183637001416
Peru,Engineering,0.38745046924226423
Peru,Medical Sciences,1.6712815354046544
Peru,Natural Sciences,1.3354976710316504
Peru,Social Sciences,1.4868105868697974
Philippines,Arts and Humanities,1.6660025244480352
Philippines,Engineering,0.4229299135873467
Philippines,Medical Sciences,1.0397276573709089
Philippines,Natural Sciences,1.3954462700402148
Philippines,Social Sciences,1.6662131992813152
Poland,Arts and Humanities,0.6566371976507576
Poland,Engineering,1.1262522429763786
Poland,Medical Sciences,0.804390670019645
Poland,Natural Sciences,1.5021547398216393
Poland,Social Sciences,0.5113119936406932
Portugal,Arts and Humanities,0.9474720256975224
Portugal,Engineering,0.929290302822568
Portugal,Medical Sciences,0.896116915573961
Portugal,Natural Sciences,1.127289873695048
Portugal,Social Sciences,1.1899491661107418
Qatar,Arts and Humanities,0.705223251717232
Qatar,Engineering,1.5020483985810513
Qatar,Medical Sciences,0.9933211919746725
Qatar,Natural Sciences,0.7698649142873841
Qatar,Social Sciences,0.8702575202202
Republic of Kosovo,Arts and Humanities,3.011065711299306
Republic of Kosovo,Engineering,1.0241110085473866
Republic of Kosovo,Medical Sciences,2.8449051966419483
Republic of Kosovo,Natural Sciences,2.2600985848770168
Republic of Kosovo,Social Sciences,5.109988786601637
Republic of Serbia,Arts and Humanities,0.6195015268695037
Republic of Serbia,Engineering,1.326762656991703
Republic of Serbia,Medical Sciences,0.8663652936333712
Republic of Serbia,Natural Sciences,0.9749956809693143
Republic of Serbia,Social Sciences,0.6950497654617789
Reunion,Engineering,0.7107985804348933
Reunion,Medical Sciences,3.8222203602663947
Reunion,Natural Sciences,3.214457860767649
Reunion,Social Sciences,4.520579194912965
Romania,Arts and Humanities,0.8381192934657709
Romania,Engineering,1.2186562823201426
Romania,Medical Sciences,1.2438352777372232
Romania,Natural Sciences,0.9993760701002466
Romania,Social Sciences,0.8720996746262877
Russia,Arts and Humanities,0.8687153722142356
Russia,Engineering,0.9276553941258338
Russia,Medical Sciences,0.2928697601251472
Russia,Natural Sciences,1.8533797606211415
Russia,Social Sciences,0.3800321279288993
Rwanda,Arts and Humanities,2.325801051558503
Rwanda,Engineering,0.4851921631377382
Rwanda,Medical Sciences,2.8854495476278244
Rwanda,Natural Sciences,1.1864990609279094
Rwanda,Social Sciences,2.8681665533088814
Saint-Vincent-et-les-Grenadines,Medical Sciences,32.83607364381137
Saint-Vincent-et-les-Grenadines,Social Sciences,50.53723683519714
Samoa,Arts and Humanities,13.515719009540929
Samoa,Medical Sciences,14.478250254312774
Samoa,Natural Sciences,8.23023703072803
Samoa,Social Sciences,27.205688453860564
San Marino,Arts and Humanities,58.99263038548753
San Marino,Engineering,8.447279699308725
San Marino,Medical Sciences,4.122890863241537
San Marino,Natural Sciences,3.481102861361251
Sao Tome & Principe,Medical Sciences,14.138631130956536
Sao Tome & Principe,Natural Sciences,29.73888031239008
Saudi Arabia,Arts and Humanities,0.15701356490395238
Saudi Arabia,Engineering,1.5130371423494655
Saudi Arabia,Medical Sciences,0.6944934346308801
Saudi Arabia,Natural Sciences,1.1182883675246214
Saudi Arabia,Social Sciences,0.25155750532066784
Senegal,Arts and Humanities,0.6246760886762613
Senegal,Engineering,0.35156115338951094
Senegal,Medical Sciences,2.618975526778409
Senegal,Natural Sciences,1.716523332294231
Senegal,Social Sciences,2.553596551183161
Seychelles,Medical Sciences,4.29282866530018
Seychelles,Natural Sciences,11.420519301361605
Seychelles,Social Sciences,10.595180570384477
Sierra Leone,Arts and Humanities,3.225559481743228
Sierra Leone,Engineering,2.1323033454148446
Sierra Leone,Medical Sciences,9.383553562081369
Sierra Leone,Natural Sciences,1.4619269393824474
Sierra Leone,Social Sciences,8.580384075370098
Singapore,Arts and Humanities,0.4428559462588197
Singapore,Engineering,1.4733923669002533
Singapore,Medical Sciences,0.8400816302902835
Singapore,Natural Sciences,0.7561190988109162
Singapore,Social Sciences,1.1038588326101197
Slovakia,Arts and Humanities,2.1226166702149714
Slovakia,Engineering,1.217256387213418
Slovakia,Medical Sciences,0.7392529834982443
Slovakia,Natural Sciences,1.3889433573946477
Slovakia,Social Sciences,0.7032284828146046
Slovenia,Arts and Humanities,2.2142205335122247
Slovenia,Engineering,1.278682131187144
Slovenia,Medical Sciences,0.9788917296385538
Slovenia,Natural Sciences,1.1695775118384764
Slovenia,Social Sciences,1.138206268860323
Solomon Islands,Medical Sciences,9.229277117556709
Solomon Islands,Natural Sciences,9.117182754784293
Solomon Islands,Social Sciences,8.19709332076767
Somalia,Medical Sciences,11.760047784169119
Somalia,Natural Sciences,2.7541989508140294
Somalia,Social Sciences,16.692893630102887
South Africa,Arts and Humanities,2.746141190959078
South Africa,Engineering,0.6671130114692563
South Africa,Medical Sciences,0.9888552060397078
South Africa,Natural Sciences,1.2389501451186438
South Africa,Social Sciences,1.8208147055847208
South Korea,Arts and Humanities,0.42050199170104857
South Korea,Engineering,1.4330536501903426
South Korea,Medical Sciences,0.8657636744416326
South Korea,Natural Sciences,0.7524169667328027
South Korea,Social Sciences,0.5438166512300922
South Sudan,Engineering,2.024893236769779
South Sudan,Medical Sciences,16.000889330362856
South Sudan,Natural Sciences,2.5233085681715868
Spain,Arts and Humanities,1.5974098496423041
Spain,Engineering,0.8053178120935853
Spain,Medical Sciences,0.982971356650048
Spain,Natural Sciences,1.0119700883699696
Spain,Social Sciences,1.099962891393574
Sri Lanka,Arts and Humanities,1.1750069213363432
Sri Lanka,Engineering,0.6307141178798918
Sri Lanka,Medical Sciences,1.4743205881546584
Sri Lanka,Natural Sciences,1.2554415655737863
Sri Lanka,Social Sciences,0.933415907001025
St-Kitts & Nevis ,Engineering,0.7421769706670613
St-Kitts & Nevis ,Medical Sciences,8.895372187418497
St-Kitts & Nevis ,Natural Sciences,4.631181912922545
St-Kitts & Nevis ,Social Sciences,4.479358331820952
St-Lucia,Arts and Humanities,42.56861249309011
St-Lucia,Engineering,2.1315649324047525
St-Lucia,Medical Sciences,14.786696005493416
St-Lucia,Social Sciences,64.05474962568624
Sudan,Arts and Humanities,0.9867980336471766
Sudan,Engineering,1.280587043741982
Sudan,Medical Sciences,2.9957749195068293
Sudan,Natural Sciences,1.314909850257475
Sudan,Social Sciences,2.448619584433578
Suriname,Engineering,0.7953881780359526
Suriname,Medical Sciences,5.292453664495571
Suriname,Natural Sciences,6.19712403408522
Suriname,Social Sciences,16.10204544844378
Swaziland,Arts and Humanities,7.440478007265725
Swaziland,Engineering,0.6781390338026306
Swaziland,Medical Sciences,6.190755795381754
Swaziland,Natural Sciences,3.2391832036376838
Swaziland,Social Sciences,3.673658943646207
Sweden,Arts and Humanities,0.8429845855166441
Sweden,Engineering,0.6752707451619694
Sweden,Medical Sciences,1.2715430504770278
Sweden,Natural Sciences,0.8560200908460586
Sweden,Social Sciences,1.2595188982291048
Switzerland,Arts and Humanities,0.8027374244776744
Switzerland,Engineering,0.5602190495985228
Switzerland,Medical Sciences,1.233473161005998
Switzerland,Natural Sciences,0.9351646057432601
Switzerland,Social Sciences,0.942022954349703
Syria,Engineering,1.4880481736447164
Syria,Medical Sciences,1.9050809071898949
Syria,Natural Sciences,2.2190545131624635
Syria,Social Sciences,1.4354463693838955
Taiwan,Arts and Humanities,0.43072109505017686
Taiwan,Engineering,1.16624424658773
Taiwan,Medical Sciences,0.8092809086714681
Taiwan,Natural Sciences,0.7831118733797977
Taiwan,Social Sciences,0.840789561969098
Tajikistan,Arts and Humanities,6.732854554865424
Tajikistan,Engineering,0.7493498318156178
Tajikistan,Medical Sciences,2.8096734235497385
Tajikistan,Natural Sciences,2.759526485908532
Tajikistan,Social Sciences,2.128868401904648
Tanzania,Arts and Humanities,0.6600373463020667
Tanzania,Engineering,0.49102926588159546
Tanzania,Medical Sciences,2.4832062021504457
Tanzania,Natural Sciences,1.2732617891832883
Tanzania,Social Sciences,2.02933372155087
Thailand,Arts and Humanities,0.1626160682557023
Thailand,Engineering,0.793664887661534
Thailand,Medical Sciences,1.3464788723823913
Thailand,Natural Sciences,0.9340969530686549
Thailand,Social Sciences,0.4216923512785006
Togo,Engineering,0.8920282868006651
Togo,Medical Sciences,3.596509580918606
Togo,Natural Sciences,3.6229180948367166
Togo,Social Sciences,3.4745277256461065
Tonga,Medical Sciences,10.928230099883471
Tonga,Natural Sciences,28.84343899331612
Trinidad and Tobago,Arts and Humanities,4.190245837457469
Trinidad and Tobago,Engineering,0.7203397000970646
Trinidad and Tobago,Medical Sciences,1.7299326370384691
Trinidad and Tobago,Natural Sciences,2.6891486901558643
Trinidad and Tobago,Social Sciences,4.5762789660334615
Tunisia,Arts and Humanities,0.1565143151102348
Tunisia,Engineering,2.033169469974006
Tunisia,Medical Sciences,0.7211090666416038
Tunisia,Natural Sciences,1.2632405365911235
Tunisia,Social Sciences,0.3202189165734568
Turkey,Arts and Humanities,0.4713653633821514
Turkey,Engineering,1.2399650679848422
Turkey,Medical Sciences,1.151667389119215
Turkey,Natural Sciences,0.8379579342458199
Turkey,Social Sciences,0.7897838137358707
Turkmenistan,Engineering,1.9377863021861383
Turkmenistan,Medical Sciences,16.15051404554473
Turkmenistan,Natural Sciences,11.189097433851357
Tuvalu,Medical Sciences,190.70485388806333
Tuvalu,Natural Sciences,73.36199603688743
Uganda,Arts and Humanities,0.8660979252296256
Uganda,Engineering,0.23455751970921307
Uganda,Medical Sciences,3.067220679630766
Uganda,Natural Sciences,0.8319588999274079
Uganda,Social Sciences,1.462881167112289
Ukraine,Arts and Humanities,0.2925371601294883
Ukraine,Engineering,1.1482211438903938
Ukraine,Medical Sciences,0.34681102924212487
Ukraine,Natural Sciences,1.6016108467504067
Ukraine,Social Sciences,0.28706840550438706
United Arab Emirates,Arts and Humanities,0.7056001819613399
United Arab Emirates,Engineering,2.101003823003204
United Arab Emirates,Medical Sciences,0.8099237760949295
United Arab Emirates,Natural Sciences,0.7222538246962871
United Arab Emirates,Social Sciences,1.2827091896999243
United Kingdom,Arts and Humanities,2.157254240171792
United Kingdom,Engineering,0.7104577114088892
United Kingdom,Medical Sciences,1.1894886747982045
United Kingdom,Natural Sciences,0.8552637060451378
United Kingdom,Social Sciences,1.8092407304626414
United States,Arts and Humanities,1.3924516452914142
United States,Engineering,0.690194707768484
United States,Medical Sciences,1.2776008615859837
United States,Natural Sciences,0.8853689174718584
United States,Social Sciences,1.573553417898799
Uruguay,Arts and Humanities,1.3888989492069443
Uruguay,Engineering,0.5573958845977356
Uruguay,Medical Sciences,1.3636273704446231
Uruguay,Natural Sciences,1.5708136402704471
Uruguay,Social Sciences,1.1885444296827201
Uzbekistan,Arts and Humanities,2.1726735519231863
Uzbekistan,Engineering,1.0836584880449796
Uzbekistan,Medical Sciences,1.0882198257080982
Uzbekistan,Natural Sciences,2.4002724396320865
Uzbekistan,Social Sciences,1.9808645621569643
Vanuatu,Medical Sciences,11.700465081731688
Vanuatu,Natural Sciences,8.211861400343633
Vanuatu,Social Sciences,34.24429257349241
Vatican,Arts and Humanities,14.046901060777607
Vatican,Medical Sciences,8.137791705582366
Vatican,Natural Sciences,31.775921071434517
Venezuela,Arts and Humanities,0.9570846340371784
Venezuela,Engineering,0.813442390423714
Venezuela,Medical Sciences,1.4053425243457813
Venezuela,Natural Sciences,1.6448940837817985
Venezuela,Social Sciences,0.9588570319358515
Vietnam,Arts and Humanities,0.22480026514160656
Vietnam,Engineering,1.5085643704665403
Vietnam,Medical Sciences,0.7149767812530431
Vietnam,Natural Sciences,1.2745255011374237
Vietnam,Social Sciences,0.49340145014555836
Yemen,Arts and Humanities,3.284246737466665
Yemen,Engineering,1.7809771591752543
Yemen,Medical Sciences,2.1276431655608947
Yemen,Natural Sciences,1.5166524866162296
Yemen,Social Sciences,1.894315228900377
Zambia,Arts and Humanities,2.898651448376239
Zambia,Engineering,0.36371997355619845
Zambia,Medical Sciences,3.99378368403022
Zambia,Natural Sciences,1.3038457932006273
Zambia,Social Sciences,2.27499556889626
Zimbabwe,Arts and Humanities,1.9166934320436713
Zimbabwe,Engineering,0.5196147588266585
Zimbabwe,Medical Sciences,2.3545566788230503
Zimbabwe,Natural Sciences,1.345482026162369
Zimbabwe,Social Sciences,1.8024192039474638
